hu1,hu2,hu3,hu4,hu5,hu6,hu7,etiqueta
1.6080550650e-01,1.4611115565e-04,6.5115306823e-08,8.0184408788e-11,-1.8076498997e-19,9.1488742622e-13,-2.9902136632e-20,4
1.6060568797e-01,9.4365942518e-05,6.6322358206e-08,1.2282728335e-10,3.5042933377e-19,-4.4161971000e-13,-9.8586266592e-21,4
1.6056341919e-01,7.4249993325e-05,2.5339822077e-08,1.0375045438e-10,1.3268502505e-19,-4.4823832940e-14,-1.0341105674e-19,4
1.6038025690e-01,6.3274717082e-06,3.6827689557e-08,5.7765514663e-11,-5.7786139952e-20,-1.2293157707e-13,6.1314664240e-20,4
1.6047836969e-01,4.4601165110e-05,2.7188901754e-09,5.2047056582e-10,-2.1075303713e-20,-3.3842465537e-12,6.1878295365e-19,4
1.6068863950e-01,1.1300882276e-04,1.6547888791e-08,2.1673830629e-09,-8.2961171162e-18,-2.2131441323e-11,9.9827316762e-18,4
1.6037916981e-01,1.4995317866e-05,3.9105973994e-08,1.8608045699e-10,-4.9757606123e-19,3.3327192047e-13,-6.6227405253e-20,4
1.6044606083e-01,3.6251955976e-05,5.9662862049e-08,6.0020892872e-10,3.5667764449e-18,-1.6970993684e-12,-4.2278977200e-19,4
1.6040951296e-01,2.2628717549e-05,9.1202907188e-08,5.1381874689e-10,1.7926512838e-18,7.2044797301e-13,-3.0262785252e-18,4
1.6037922862e-01,1.3744816652e-05,9.1294439545e-08,4.4171626265e-10,8.4817556484e-19,4.9280756441e-13,-2.6737206215e-18,4
1.6048011491e-01,4.7153258126e-05,5.3975946585e-08,1.2400192099e-09,9.6295311788e-18,4.2783515641e-13,3.1919817387e-18,4
1.6047051851e-01,4.5133113413e-05,2.7105584169e-07,1.5040827656e-09,-1.2915444194e-17,-6.1193425181e-12,-2.7486270305e-17,4
1.6041923779e-01,3.4311688449e-05,1.2530927144e-07,1.5837470633e-09,2.1864091995e-17,-8.2260842839e-12,-4.4435551865e-18,4
1.6033620007e-01,9.3581997280e-06,1.1571639712e-07,1.2518527622e-09,-1.1210974880e-17,-3.8266277027e-12,-1.0066235497e-17,4
1.6041415139e-01,2.5364296020e-05,1.3335900884e-07,1.9494067964e-09,2.6543731755e-17,-7.8866116536e-12,-1.6833553494e-17,4
1.5930611198e-01,4.1202218650e-05,9.4824755496e-07,3.8240540988e-10,-2.1003307343e-18,-8.4218048235e-13,-6.9724611728e-18,5
1.5980537985e-01,2.0207481139e-04,8.6137355665e-07,1.7138911656e-09,-5.0945228111e-17,-1.9093432447e-11,-4.1726523392e-17,5
1.5969581026e-01,1.6799784860e-04,5.7901171565e-07,9.4216582945e-10,-2.1916897194e-17,-1.2151928279e-11,1.9746797735e-18,5
1.5964498741e-01,1.5250077963e-04,4.6773419868e-07,7.0157542446e-10,-1.2708743392e-17,-8.6638344310e-12,7.9528004986e-20,5
1.5954695386e-01,1.2098165354e-04,4.6849545777e-07,5.8516756524e-10,-7.2587862750e-18,-4.8869833027e-12,6.4174912926e-18,5
1.5935728385e-01,6.0966627649e-05,3.3839759256e-07,2.0407420666e-10,-1.5387242596e-18,-1.4173816290e-12,7.1298369918e-19,5
1.5934969214e-01,5.7603033050e-05,6.1440508013e-07,3.6104022953e-10,-3.6726586691e-18,-1.9916857801e-12,-3.9276546670e-18,5
1.5928595292e-01,3.8367958508e-05,2.2514996685e-07,9.0119527318e-11,-2.0036552462e-20,1.3656727548e-14,4.0544750890e-19,5
1.5954604716e-01,1.2011023238e-04,5.9847886757e-07,7.0893044860e-10,-9.3317119179e-18,-4.8778091632e-12,1.1231863204e-17,5
1.5946605574e-01,9.4193854343e-05,7.3281501274e-07,7.7667365802e-10,1.6925888690e-17,6.8553801037e-12,-7.5394278951e-18,5
1.5956872578e-01,1.2158294260e-04,1.6846709026e-06,2.1118162802e-09,2.5935848935e-18,-1.8546979442e-12,-1.2593593129e-16,5
1.5973652786e-01,1.8044836439e-04,4.0910861002e-07,7.9220696285e-10,-1.1828280477e-17,-9.0458037983e-12,7.9682798744e-18,5
1.6016219105e-01,3.1527023241e-04,7.1627682943e-07,2.3092559437e-09,-6.1096946478e-17,-2.7807823200e-11,7.1328413093e-17,5
1.5999230901e-01,2.6189150656e-04,5.7148247805e-07,1.6293717463e-09,-1.9291396225e-17,-1.0832753595e-11,4.5824964745e-17,5
1.5952068812e-01,1.1065353766e-04,8.7397335822e-07,1.0183905837e-09,-1.5837264489e-17,-5.5943172500e-12,-2.5928078549e-17,5
1.6697339704e-01,1.1463697025e-04,7.0760460176e-06,2.7856254423e-08,-9.2955918208e-15,2.3897665291e-10,-8.1575276914e-15,1
1.6686331027e-01,8.5247369529e-05,8.8492953881e-06,4.5261416370e-08,-2.8644766536e-14,4.0788063289e-10,6.9258391393e-17,1
1.6711587004e-01,1.6676061208e-04,8.8889771681e-06,4.1895120542e-08,-2.4107194123e-14,5.0248774850e-10,-8.5140156661e-15,1
1.6682795846e-01,5.8931500769e-05,8.5945028817e-06,5.4771413619e-08,-3.6906917494e-14,4.1404224433e-10,7.0735586801e-15,1
1.6673450105e-01,4.5894253554e-05,9.1652432695e-06,5.8222496790e-08,-4.0525215981e-14,3.8696524645e-10,1.2907937295e-14,1
1.6709509795e-01,1.7093320815e-04,1.0612078130e-05,4.8410221040e-08,-2.7590890602e-14,6.2228313750e-10,2.1040474900e-14,1
1.6715037454e-01,1.7468749164e-04,1.0373999330e-05,3.5969319071e-08,-1.9096519573e-14,3.2379342522e-10,-1.0867190038e-14,1
1.6681775189e-01,9.1917746407e-05,6.6712390627e-07,2.4692923316e-09,1.8200855405e-17,-2.3268110747e-11,-9.8555210411e-17,1
1.6679495731e-01,8.9269006393e-05,6.7470566636e-07,1.7180317549e-09,5.8318314797e-17,-6.6199414847e-12,4.5173219201e-18,1
1.6733768955e-01,2.5783246705e-04,1.3025643275e-06,1.2651871365e-08,1.5465908944e-15,-3.7051268270e-11,4.9597169216e-16,1
1.6693636609e-01,9.1378387697e-05,3.3762453200e-06,3.2001687510e-08,9.7122557040e-15,-1.4491732867e-10,-4.0400989176e-15,1
1.6699565922e-01,1.1303323109e-04,9.7188068312e-06,7.0942727068e-08,5.7160032514e-14,-4.2330525062e-10,-1.4240347960e-14,1
1.6684246375e-01,6.2458070733e-05,1.4337174592e-05,1.0724007110e-07,1.3034098369e-13,-4.3862022682e-10,-2.6331903550e-14,1
1.6690552622e-01,1.0621707147e-04,6.8006347020e-06,7.9426825218e-08,5.5929769305e-14,-4.7173798202e-11,-1.6717658863e-14,1
1.6676443798e-01,4.0884774323e-05,6.7300187993e-06,6.4830145747e-08,4.2353211882e-14,8.9942207112e-11,6.3234175679e-15,1
1.9360914954e-01,1.6958574532e-04,4.7034635710e-03,4.9821714505e-06,6.9159510154e-10,5.6522924596e-08,-3.2150017994e-10,2
1.9368111903e-01,2.0829528602e-04,4.7006936380e-03,5.9330994150e-06,8.1700243614e-10,6.4744812037e-08,-5.6059824122e-10,2
1.9332232094e-01,2.1992690307e-04,4.6312382641e-03,5.9750510180e-06,6.6731353556e-10,5.2283247540e-08,-7.3662276774e-10,2
1.9347151848e-01,1.6601759867e-04,4.6788513894e-03,4.5612641446e-06,4.9198646870e-10,3.8731917637e-08,-4.4940130439e-10,2
1.9305056266e-01,1.4947471858e-04,4.6090848885e-03,3.7513935713e-06,8.3829647130e-11,2.7115497074e-09,-4.8610788507e-10,2
1.9254814327e-01,4.1305585878e-05,4.5626623799e-03,1.3051126206e-06,-6.8427405442e-11,-6.9819913140e-09,-7.3895831265e-11,2
1.9275091576e-01,7.1777494533e-05,4.5878651040e-03,2.3477865250e-06,-1.8240692816e-10,-1.6939228892e-08,-1.6155607630e-10,2
1.9257739477e-01,1.9572780870e-05,4.5758073906e-03,6.1761843968e-07,-1.2160909025e-11,-1.7311431505e-09,-3.0498138614e-11,2
1.9288043840e-01,6.6331336391e-05,4.6121350947e-03,1.9457009056e-06,-1.8209661156e-10,-1.4963763591e-08,2.8522615866e-11,2
1.9357788538e-01,3.5942822185e-04,4.6222029392e-03,9.8019772060e-06,1.4053637378e-09,1.0582705297e-07,-1.5420657791e-09,2
1.9357101262e-01,3.7801224529e-04,4.6129105472e-03,1.0033530003e-05,1.2967136570e-09,9.5893610008e-08,-1.7256886358e-09,2
1.9391175022e-01,2.9079222690e-04,4.7130382364e-03,8.9901133729e-06,1.8249919244e-09,1.5091232774e-07,-3.0642934501e-10,2
1.9337639511e-01,2.5622850544e-04,4.6291090785e-03,7.6993500452e-06,1.3654598961e-09,1.1414644610e-07,-4.9832239844e-10,2
1.9306921433e-01,2.3794067394e-04,4.5783564259e-03,6.1665632946e-06,5.7429533416e-10,4.5480974810e-08,-8.6242486938e-10,2
1.9278644061e-01,3.3665867803e-04,4.4854145209e-03,7.5153666306e-06,-4.5527651526e-10,-5.8862806867e-08,1.3025600202e-09,2
2.1673820497e-01,7.6174760243e-05,1.1931962279e-06,5.2285076420e-06,9.9423136748e-12,3.0722813406e-08,-8.4674555078e-12,3
2.1692503278e-01,4.7477071311e-05,3.8537530010e-07,5.4864797291e-06,7.7922564701e-12,3.1427994952e-08,1.7105186981e-12,3
2.1644661349e-01,1.2879198505e-05,3.4543811319e-06,2.0821627788e-06,-3.9318264640e-12,7.4711129757e-09,3.9652845740e-12,3
2.1651731387e-01,1.7549467583e-05,3.4980996495e-06,2.7063619945e-06,1.5859190620e-12,1.1280484935e-08,8.1747060090e-12,3
2.1679177991e-01,4.4882232534e-05,2.5899409240e-06,5.1435336666e-06,1.5884174336e-11,3.3540972222e-08,1.0006219298e-11,3
2.1688063003e-01,4.3360350868e-05,3.1310607824e-06,4.2789699414e-06,6.7919290567e-12,2.7892268981e-08,1.4112982823e-11,3
2.1681918885e-01,1.7998539061e-05,2.3324011070e-06,2.8636033516e-06,-1.3608742058e-12,1.1612479583e-08,7.2744694574e-12,3
2.1765042318e-01,1.8893797582e-04,6.1255886827e-07,7.7682722755e-06,1.3502195666e-11,5.8340024730e-08,-1.0239573409e-11,3
2.1842225228e-01,2.4664655043e-04,1.5505747221e-06,1.5767601291e-05,7.4109005180e-11,1.0265662168e-07,2.4212800762e-11,3
2.1612924349e-01,3.2955998235e-05,5.7258289243e-06,4.3963607662e-06,1.3256063573e-11,-2.0423147628e-08,1.7629989813e-11,3
2.1622237851e-01,3.8081095769e-05,3.4526089138e-06,6.0124904949e-06,2.4711447323e-11,-2.3168119129e-08,1.1822651005e-11,3
2.1621727488e-01,4.5896183593e-05,4.3781004028e-06,7.0818366378e-06,3.8359563619e-11,-3.6048539315e-08,9.1388701006e-12,3
2.1611756250e-01,4.0130568977e-05,1.5875136488e-06,8.5879487846e-06,3.1576488848e-11,-4.4918001917e-08,-2.9041330481e-12,3
2.1646976388e-01,8.5912823197e-05,3.1936577928e-06,1.1214441262e-05,6.0935992319e-11,-9.9451594608e-08,-2.8125478338e-11,3
2.1643617485e-01,8.0270856741e-05,4.3652818921e-06,1.5435152324e-05,1.0678472699e-10,-1.3828000727e-07,-6.8188047712e-11,3
